"","baseMean","log2FoldChange","lfcSE","stat","pvalue","padj"
"Bacteroidetes",140423.604061392,-1.25765542232697,0.183521384848342,-6.85290939454425,7.23629225531921e-12,3.61814612765961e-11
"unknown",7.50823109559152,-5.50528869990177,1.28928281142072,-4.27003963066509,1.95438236981453e-05,4.88595592453632e-05
"Firmicutes",26401.9896008959,0.594199148443759,0.230531727012218,2.57751571180597,0.00995133573588625,0.0165855595598104
"Actinobacteria",7.78849279872301,1.50457962841897,0.946587074436878,1.58947831536158,0.111952445923668,0.139940557404585
"Proteobacteria",23077.9393628434,-0.0984475242075767,0.279577704897617,-0.352129381145141,0.724741234772189,0.724741234772189
"Verrucomicrobia",27877.9599837435,1.50566649768811,0.662454742988613,2.27285941209419,NA,NA
