"","baseMean","log2FoldChange","lfcSE","stat","pvalue","padj"
"Proteobacteria",23077.9393628434,1.94335908154684,0.279551167830082,6.9517115475907,3.60880727039081e-12,1.8044036351954e-11
"Actinobacteria",7.78849279872301,-4.56634027487787,1.41751804687432,-3.2213630612653,0.00127582415341214,0.00318956038353036
"Firmicutes",26401.9896008959,-0.663863830364976,0.230560823129791,-2.87934359945993,0.00398503901725298,0.00664173169542163
"Bacteroidetes",140423.604061392,0.0789897091049195,0.183507158953868,0.430444836894766,0.666872085690251,0.831090549524848
"unknown",7.50823109559152,0.174752092701441,0.819266509341795,0.213303107973788,0.831090549524848,0.831090549524848
"Verrucomicrobia",27877.9599837435,-0.899346852964426,0.662481918254502,-1.357541735379,NA,NA
