"","baseMean","log2FoldChange","lfcSE","stat","pvalue","padj"
"Actinobacteria",7.78849279872301,4.6289777616841,1.42890717881362,3.23952306372161,0.00119729783016041,0.00598648915080207
"Firmicutes",26401.9896008959,0.522466400721747,0.23061622454387,2.26552317277382,0.023480593655911,0.0587014841397774
"Proteobacteria",23077.9393628434,0.314675587176247,0.279574759599725,1.12555077442175,0.260355714103824,0.412249571230517
"unknown",7.50823109559152,-1.32839260180801,1.36312853192417,-0.974517494643645,0.329799656984413,0.412249571230517
"Bacteroidetes",140423.604061392,0.0058788345455645,0.183504926175384,0.0320363854425676,0.974443034392924,0.974443034392924
"Verrucomicrobia",27877.9599837435,-1.78773360953512,0.662560302232285,-2.69822022767123,NA,NA
